id_ccaa;nombre_ccaa;abrev_ccaa;ccaa;anio;ind_fec
1;Andalucía;Andalucía;01 Andalucía;1975;3,09
1;Andalucía;Andalucía;01 Andalucía;1976;3,11
1;Andalucía;Andalucía;01 Andalucía;1977;3,03
1;Andalucía;Andalucía;01 Andalucía;1978;2,96
1;Andalucía;Andalucía;01 Andalucía;1979;2,81
1;Andalucía;Andalucía;01 Andalucía;1980;2,72
1;Andalucía;Andalucía;01 Andalucía;1981;2,55
1;Andalucía;Andalucía;01 Andalucía;1982;2,45
1;Andalucía;Andalucía;01 Andalucía;1983;2,29
1;Andalucía;Andalucía;01 Andalucía;1984;2,16
1;Andalucía;Andalucía;01 Andalucía;1985;2,01
1;Andalucía;Andalucía;01 Andalucía;1986;1,91
1;Andalucía;Andalucía;01 Andalucía;1987;1,84
1;Andalucía;Andalucía;01 Andalucía;1988;1,77
1;Andalucía;Andalucía;01 Andalucía;1989;1,69
1;Andalucía;Andalucía;01 Andalucía;1990;1,66
1;Andalucía;Andalucía;01 Andalucía;1991;1,61
1;Andalucía;Andalucía;01 Andalucía;1992;1,58
1;Andalucía;Andalucía;01 Andalucía;1993;1,52
1;Andalucía;Andalucía;01 Andalucía;1994;1,42
1;Andalucía;Andalucía;01 Andalucía;1995;1,36
1;Andalucía;Andalucía;01 Andalucía;1996;1,31
1;Andalucía;Andalucía;01 Andalucía;1997;1,32
1;Andalucía;Andalucía;01 Andalucía;1998;1,28
1;Andalucía;Andalucía;01 Andalucía;1999;1,31
1;Andalucía;Andalucía;01 Andalucía;2000;1,34
1;Andalucía;Andalucía;01 Andalucía;2001;1,35
1;Andalucía;Andalucía;01 Andalucía;2002;1,35
1;Andalucía;Andalucía;01 Andalucía;2003;1,4
1;Andalucía;Andalucía;01 Andalucía;2004;1,44
1;Andalucía;Andalucía;01 Andalucía;2005;1,46
1;Andalucía;Andalucía;01 Andalucía;2006;1,5
1;Andalucía;Andalucía;01 Andalucía;2007;1,5
1;Andalucía;Andalucía;01 Andalucía;2008;1,56
1;Andalucía;Andalucía;01 Andalucía;2009;1,48
1;Andalucía;Andalucía;01 Andalucía;2010;1,45
1;Andalucía;Andalucía;01 Andalucía;2011;1,42
1;Andalucía;Andalucía;01 Andalucía;2012;1,39
1;Andalucía;Andalucía;01 Andalucía;2013;1,34
1;Andalucía;Andalucía;01 Andalucía;2014;1,39
1;Andalucía;Andalucía;01 Andalucía;2015;1,4
1;Andalucía;Andalucía;01 Andalucía;2016;1,41
1;Andalucía;Andalucía;01 Andalucía;2017;1,36
1;Andalucía;Andalucía;01 Andalucía;2018;1,32
1;Andalucía;Andalucía;01 Andalucía;2019;1,31
1;Andalucía;Andalucía;01 Andalucía;2020;1,24
2;Aragón;Aragón;02 Aragón;1975;2,38
2;Aragón;Aragón;02 Aragón;1976;2,37
2;Aragón;Aragón;02 Aragón;1977;2,29
2;Aragón;Aragón;02 Aragón;1978;2,19
2;Aragón;Aragón;02 Aragón;1979;2,06
2;Aragón;Aragón;02 Aragón;1980;1,96
2;Aragón;Aragón;02 Aragón;1981;1,79
2;Aragón;Aragón;02 Aragón;1982;1,71
2;Aragón;Aragón;02 Aragón;1983;1,54
2;Aragón;Aragón;02 Aragón;1984;1,51
2;Aragón;Aragón;02 Aragón;1985;1,44
2;Aragón;Aragón;02 Aragón;1986;1,36
2;Aragón;Aragón;02 Aragón;1987;1,3
2;Aragón;Aragón;02 Aragón;1988;1,28
2;Aragón;Aragón;02 Aragón;1989;1,23
2;Aragón;Aragón;02 Aragón;1990;1,16
2;Aragón;Aragón;02 Aragón;1991;1,16
2;Aragón;Aragón;02 Aragón;1992;1,17
2;Aragón;Aragón;02 Aragón;1993;1,1
2;Aragón;Aragón;02 Aragón;1994;1,11
2;Aragón;Aragón;02 Aragón;1995;1,06
2;Aragón;Aragón;02 Aragón;1996;1,05
2;Aragón;Aragón;02 Aragón;1997;1,06
2;Aragón;Aragón;02 Aragón;1998;1,03
2;Aragón;Aragón;02 Aragón;1999;1,08
2;Aragón;Aragón;02 Aragón;2000;1,12
2;Aragón;Aragón;02 Aragón;2001;1,17
2;Aragón;Aragón;02 Aragón;2002;1,15
2;Aragón;Aragón;02 Aragón;2003;1,21
2;Aragón;Aragón;02 Aragón;2004;1,25
2;Aragón;Aragón;02 Aragón;2005;1,24
2;Aragón;Aragón;02 Aragón;2006;1,3
2;Aragón;Aragón;02 Aragón;2007;1,34
2;Aragón;Aragón;02 Aragón;2008;1,41
2;Aragón;Aragón;02 Aragón;2009;1,35
2;Aragón;Aragón;02 Aragón;2010;1,36
2;Aragón;Aragón;02 Aragón;2011;1,34
2;Aragón;Aragón;02 Aragón;2012;1,3
2;Aragón;Aragón;02 Aragón;2013;1,3
2;Aragón;Aragón;02 Aragón;2014;1,34
2;Aragón;Aragón;02 Aragón;2015;1,35
2;Aragón;Aragón;02 Aragón;2016;1,34
2;Aragón;Aragón;02 Aragón;2017;1,32
2;Aragón;Aragón;02 Aragón;2018;1,29
2;Aragón;Aragón;02 Aragón;2019;1,26
2;Aragón;Aragón;02 Aragón;2020;1,19
3;Asturias, Principado de;Asturias;03 Asturias, Principado de;1975;2,33
3;Asturias, Principado de;Asturias;03 Asturias, Principado de;1976;2,35
3;Asturias, Principado de;Asturias;03 Asturias, Principado de;1977;2,27
3;Asturias, Principado de;Asturias;03 Asturias, Principado de;1978;2,04
3;Asturias, Principado de;Asturias;03 Asturias, Principado de;1979;1,95
3;Asturias, Principado de;Asturias;03 Asturias, Principado de;1980;1,82
3;Asturias, Principado de;Asturias;03 Asturias, Principado de;1981;1,67
3;Asturias, Principado de;Asturias;03 Asturias, Principado de;1982;1,54
3;Asturias, Principado de;Asturias;03 Asturias, Principado de;1983;1,47
3;Asturias, Principado de;Asturias;03 Asturias, Principado de;1984;1,38
3;Asturias, Principado de;Asturias;03 Asturias, Principado de;1985;1,31
3;Asturias, Principado de;Asturias;03 Asturias, Principado de;1986;1,26
3;Asturias, Principado de;Asturias;03 Asturias, Principado de;1987;1,17
3;Asturias, Principado de;Asturias;03 Asturias, Principado de;1988;1,06
3;Asturias, Principado de;Asturias;03 Asturias, Principado de;1989;0,99
3;Asturias, Principado de;Asturias;03 Asturias, Principado de;1990;0,97
3;Asturias, Principado de;Asturias;03 Asturias, Principado de;1991;0,97
3;Asturias, Principado de;Asturias;03 Asturias, Principado de;1992;0,94
3;Asturias, Principado de;Asturias;03 Asturias, Principado de;1993;0,87
3;Asturias, Principado de;Asturias;03 Asturias, Principado de;1994;0,83
3;Asturias, Principado de;Asturias;03 Asturias, Principado de;1995;0,83
3;Asturias, Principado de;Asturias;03 Asturias, Principado de;1996;0,82
3;Asturias, Principado de;Asturias;03 Asturias, Principado de;1997;0,82
3;Asturias, Principado de;Asturias;03 Asturias, Principado de;1998;0,8
3;Asturias, Principado de;Asturias;03 Asturias, Principado de;1999;0,83
3;Asturias, Principado de;Asturias;03 Asturias, Principado de;2000;0,85
3;Asturias, Principado de;Asturias;03 Asturias, Principado de;2001;0,88
3;Asturias, Principado de;Asturias;03 Asturias, Principado de;2002;0,86
3;Asturias, Principado de;Asturias;03 Asturias, Principado de;2003;0,91
3;Asturias, Principado de;Asturias;03 Asturias, Principado de;2004;0,93
3;Asturias, Principado de;Asturias;03 Asturias, Principado de;2005;0,96
3;Asturias, Principado de;Asturias;03 Asturias, Principado de;2006;0,98
3;Asturias, Principado de;Asturias;03 Asturias, Principado de;2007;1,02
3;Asturias, Principado de;Asturias;03 Asturias, Principado de;2008;1,08
3;Asturias, Principado de;Asturias;03 Asturias, Principado de;2009;1,08
3;Asturias, Principado de;Asturias;03 Asturias, Principado de;2010;1,04
3;Asturias, Principado de;Asturias;03 Asturias, Principado de;2011;1,05
3;Asturias, Principado de;Asturias;03 Asturias, Principado de;2012;1,06
3;Asturias, Principado de;Asturias;03 Asturias, Principado de;2013;0,96
3;Asturias, Principado de;Asturias;03 Asturias, Principado de;2014;0,99
3;Asturias, Principado de;Asturias;03 Asturias, Principado de;2015;1,01
3;Asturias, Principado de;Asturias;03 Asturias, Principado de;2016;1,04
3;Asturias, Principado de;Asturias;03 Asturias, Principado de;2017;1,03
3;Asturias, Principado de;Asturias;03 Asturias, Principado de;2018;1,03
3;Asturias, Principado de;Asturias;03 Asturias, Principado de;2019;0,96
3;Asturias, Principado de;Asturias;03 Asturias, Principado de;2020;0,92
4;Balears, Illes;Baleares;04 Balears, Illes;1975;2,85
4;Balears, Illes;Baleares;04 Balears, Illes;1976;2,79
4;Balears, Illes;Baleares;04 Balears, Illes;1977;2,53
4;Balears, Illes;Baleares;04 Balears, Illes;1978;2,37
4;Balears, Illes;Baleares;04 Balears, Illes;1979;2,32
4;Balears, Illes;Baleares;04 Balears, Illes;1980;2,19
4;Balears, Illes;Baleares;04 Balears, Illes;1981;2,04
4;Balears, Illes;Baleares;04 Balears, Illes;1982;1,97
4;Balears, Illes;Baleares;04 Balears, Illes;1983;1,9
4;Balears, Illes;Baleares;04 Balears, Illes;1984;1,84
4;Balears, Illes;Baleares;04 Balears, Illes;1985;1,83
4;Balears, Illes;Baleares;04 Balears, Illes;1986;1,75
4;Balears, Illes;Baleares;04 Balears, Illes;1987;1,68
4;Balears, Illes;Baleares;04 Balears, Illes;1988;1,67
4;Balears, Illes;Baleares;04 Balears, Illes;1989;1,66
4;Balears, Illes;Baleares;04 Balears, Illes;1990;1,62
4;Balears, Illes;Baleares;04 Balears, Illes;1991;1,55
4;Balears, Illes;Baleares;04 Balears, Illes;1992;1,49
4;Balears, Illes;Baleares;04 Balears, Illes;1993;1,35
4;Balears, Illes;Baleares;04 Balears, Illes;1994;1,28
4;Balears, Illes;Baleares;04 Balears, Illes;1995;1,25
4;Balears, Illes;Baleares;04 Balears, Illes;1996;1,23
4;Balears, Illes;Baleares;04 Balears, Illes;1997;1,26
4;Balears, Illes;Baleares;04 Balears, Illes;1998;1,25
4;Balears, Illes;Baleares;04 Balears, Illes;1999;1,3
4;Balears, Illes;Baleares;04 Balears, Illes;2000;1,37
4;Balears, Illes;Baleares;04 Balears, Illes;2001;1,4
4;Balears, Illes;Baleares;04 Balears, Illes;2002;1,42
4;Balears, Illes;Baleares;04 Balears, Illes;2003;1,39
4;Balears, Illes;Baleares;04 Balears, Illes;2004;1,37
4;Balears, Illes;Baleares;04 Balears, Illes;2005;1,35
4;Balears, Illes;Baleares;04 Balears, Illes;2006;1,4
4;Balears, Illes;Baleares;04 Balears, Illes;2007;1,38
4;Balears, Illes;Baleares;04 Balears, Illes;2008;1,44
4;Balears, Illes;Baleares;04 Balears, Illes;2009;1,35
4;Balears, Illes;Baleares;04 Balears, Illes;2010;1,35
4;Balears, Illes;Baleares;04 Balears, Illes;2011;1,27
4;Balears, Illes;Baleares;04 Balears, Illes;2012;1,25
4;Balears, Illes;Baleares;04 Balears, Illes;2013;1,22
4;Balears, Illes;Baleares;04 Balears, Illes;2014;1,24
4;Balears, Illes;Baleares;04 Balears, Illes;2015;1,24
4;Balears, Illes;Baleares;04 Balears, Illes;2016;1,26
4;Balears, Illes;Baleares;04 Balears, Illes;2017;1,22
4;Balears, Illes;Baleares;04 Balears, Illes;2018;1,22
4;Balears, Illes;Baleares;04 Balears, Illes;2019;1,14
4;Balears, Illes;Baleares;04 Balears, Illes;2020;1,11
5;Canarias;Canarias;05 Canarias;1975;3,18
5;Canarias;Canarias;05 Canarias;1976;3,12
5;Canarias;Canarias;05 Canarias;1977;2,9
5;Canarias;Canarias;05 Canarias;1978;2,81
5;Canarias;Canarias;05 Canarias;1979;2,7
5;Canarias;Canarias;05 Canarias;1980;2,54
5;Canarias;Canarias;05 Canarias;1981;2,37
5;Canarias;Canarias;05 Canarias;1982;2,21
5;Canarias;Canarias;05 Canarias;1983;2,05
5;Canarias;Canarias;05 Canarias;1984;1,92
5;Canarias;Canarias;05 Canarias;1985;1,79
5;Canarias;Canarias;05 Canarias;1986;1,73
5;Canarias;Canarias;05 Canarias;1987;1,67
5;Canarias;Canarias;05 Canarias;1988;1,66
5;Canarias;Canarias;05 Canarias;1989;1,57
5;Canarias;Canarias;05 Canarias;1990;1,49
5;Canarias;Canarias;05 Canarias;1991;1,42
5;Canarias;Canarias;05 Canarias;1992;1,39
5;Canarias;Canarias;05 Canarias;1993;1,31
5;Canarias;Canarias;05 Canarias;1994;1,24
5;Canarias;Canarias;05 Canarias;1995;1,21
5;Canarias;Canarias;05 Canarias;1996;1,19
5;Canarias;Canarias;05 Canarias;1997;1,2
5;Canarias;Canarias;05 Canarias;1998;1,18
5;Canarias;Canarias;05 Canarias;1999;1,27
5;Canarias;Canarias;05 Canarias;2000;1,27
5;Canarias;Canarias;05 Canarias;2001;1,28
5;Canarias;Canarias;05 Canarias;2002;1,27
5;Canarias;Canarias;05 Canarias;2003;1,23
5;Canarias;Canarias;05 Canarias;2004;1,2
5;Canarias;Canarias;05 Canarias;2005;1,24
5;Canarias;Canarias;05 Canarias;2006;1,26
5;Canarias;Canarias;05 Canarias;2007;1,19
5;Canarias;Canarias;05 Canarias;2008;1,24
5;Canarias;Canarias;05 Canarias;2009;1,14
5;Canarias;Canarias;05 Canarias;2010;1,11
5;Canarias;Canarias;05 Canarias;2011;1,07
5;Canarias;Canarias;05 Canarias;2012;1,07
5;Canarias;Canarias;05 Canarias;2013;0,99
5;Canarias;Canarias;05 Canarias;2014;1,04
5;Canarias;Canarias;05 Canarias;2015;1,05
5;Canarias;Canarias;05 Canarias;2016;1,06
5;Canarias;Canarias;05 Canarias;2017;1,05
5;Canarias;Canarias;05 Canarias;2018;0,98
5;Canarias;Canarias;05 Canarias;2019;0,94
5;Canarias;Canarias;05 Canarias;2020;0,88
6;Cantabria;Cantabria;06 Cantabria;1975;2,63
6;Cantabria;Cantabria;06 Cantabria;1976;2,67
6;Cantabria;Cantabria;06 Cantabria;1977;2,54
6;Cantabria;Cantabria;06 Cantabria;1978;2,46
6;Cantabria;Cantabria;06 Cantabria;1979;2,27
6;Cantabria;Cantabria;06 Cantabria;1980;2,16
6;Cantabria;Cantabria;06 Cantabria;1981;2,02
6;Cantabria;Cantabria;06 Cantabria;1982;1,84
6;Cantabria;Cantabria;06 Cantabria;1983;1,71
6;Cantabria;Cantabria;06 Cantabria;1984;1,58
6;Cantabria;Cantabria;06 Cantabria;1985;1,45
6;Cantabria;Cantabria;06 Cantabria;1986;1,37
6;Cantabria;Cantabria;06 Cantabria;1987;1,32
6;Cantabria;Cantabria;06 Cantabria;1988;1,26
6;Cantabria;Cantabria;06 Cantabria;1989;1,16
6;Cantabria;Cantabria;06 Cantabria;1990;1,15
6;Cantabria;Cantabria;06 Cantabria;1991;1,09
6;Cantabria;Cantabria;06 Cantabria;1992;1,07
6;Cantabria;Cantabria;06 Cantabria;1993;1,02
6;Cantabria;Cantabria;06 Cantabria;1994;0,94
6;Cantabria;Cantabria;06 Cantabria;1995;0,92
6;Cantabria;Cantabria;06 Cantabria;1996;0,94
6;Cantabria;Cantabria;06 Cantabria;1997;0,95
6;Cantabria;Cantabria;06 Cantabria;1998;0,93
6;Cantabria;Cantabria;06 Cantabria;1999;0,97
6;Cantabria;Cantabria;06 Cantabria;2000;1,05
6;Cantabria;Cantabria;06 Cantabria;2001;1,03
6;Cantabria;Cantabria;06 Cantabria;2002;1,09
6;Cantabria;Cantabria;06 Cantabria;2003;1,15
6;Cantabria;Cantabria;06 Cantabria;2004;1,18
6;Cantabria;Cantabria;06 Cantabria;2005;1,2
6;Cantabria;Cantabria;06 Cantabria;2006;1,19
6;Cantabria;Cantabria;06 Cantabria;2007;1,22
6;Cantabria;Cantabria;06 Cantabria;2008;1,32
6;Cantabria;Cantabria;06 Cantabria;2009;1,26
6;Cantabria;Cantabria;06 Cantabria;2010;1,26
6;Cantabria;Cantabria;06 Cantabria;2011;1,22
6;Cantabria;Cantabria;06 Cantabria;2012;1,19
6;Cantabria;Cantabria;06 Cantabria;2013;1,18
6;Cantabria;Cantabria;06 Cantabria;2014;1,15
6;Cantabria;Cantabria;06 Cantabria;2015;1,15
6;Cantabria;Cantabria;06 Cantabria;2016;1,15
6;Cantabria;Cantabria;06 Cantabria;2017;1,17
6;Cantabria;Cantabria;06 Cantabria;2018;1,12
6;Cantabria;Cantabria;06 Cantabria;2019;1,07
6;Cantabria;Cantabria;06 Cantabria;2020;1,07
7;Castilla y León;Castilla y León;07 Castilla y León;1975;2,23
7;Castilla y León;Castilla y León;07 Castilla y León;1976;2,28
7;Castilla y León;Castilla y León;07 Castilla y León;1977;2,2
7;Castilla y León;Castilla y León;07 Castilla y León;1978;2,19
7;Castilla y León;Castilla y León;07 Castilla y León;1979;2,09
7;Castilla y León;Castilla y León;07 Castilla y León;1980;2,03
7;Castilla y León;Castilla y León;07 Castilla y León;1981;1,91
7;Castilla y León;Castilla y León;07 Castilla y León;1982;1,83
7;Castilla y León;Castilla y León;07 Castilla y León;1983;1,69
7;Castilla y León;Castilla y León;07 Castilla y León;1984;1,6
7;Castilla y León;Castilla y León;07 Castilla y León;1985;1,51
7;Castilla y León;Castilla y León;07 Castilla y León;1986;1,41
7;Castilla y León;Castilla y León;07 Castilla y León;1987;1,33
7;Castilla y León;Castilla y León;07 Castilla y León;1988;1,26
7;Castilla y León;Castilla y León;07 Castilla y León;1989;1,22
7;Castilla y León;Castilla y León;07 Castilla y León;1990;1,17
7;Castilla y León;Castilla y León;07 Castilla y León;1991;1,13
7;Castilla y León;Castilla y León;07 Castilla y León;1992;1,09
7;Castilla y León;Castilla y León;07 Castilla y León;1993;1,05
7;Castilla y León;Castilla y León;07 Castilla y León;1994;0,99
7;Castilla y León;Castilla y León;07 Castilla y León;1995;0,97
7;Castilla y León;Castilla y León;07 Castilla y León;1996;0,96
7;Castilla y León;Castilla y León;07 Castilla y León;1997;0,98
7;Castilla y León;Castilla y León;07 Castilla y León;1998;0,93
7;Castilla y León;Castilla y León;07 Castilla y León;1999;0,95
7;Castilla y León;Castilla y León;07 Castilla y León;2000;0,99
7;Castilla y León;Castilla y León;07 Castilla y León;2001;0,99
7;Castilla y León;Castilla y León;07 Castilla y León;2002;1,02
7;Castilla y León;Castilla y León;07 Castilla y León;2003;1,06
7;Castilla y León;Castilla y León;07 Castilla y León;2004;1,07
7;Castilla y León;Castilla y León;07 Castilla y León;2005;1,1
7;Castilla y León;Castilla y León;07 Castilla y León;2006;1,13
7;Castilla y León;Castilla y León;07 Castilla y León;2007;1,14
7;Castilla y León;Castilla y León;07 Castilla y León;2008;1,22
7;Castilla y León;Castilla y León;07 Castilla y León;2009;1,18
7;Castilla y León;Castilla y León;07 Castilla y León;2010;1,2
7;Castilla y León;Castilla y León;07 Castilla y León;2011;1,19
7;Castilla y León;Castilla y León;07 Castilla y León;2012;1,17
7;Castilla y León;Castilla y León;07 Castilla y León;2013;1,13
7;Castilla y León;Castilla y León;07 Castilla y León;2014;1,17
7;Castilla y León;Castilla y León;07 Castilla y León;2015;1,18
7;Castilla y León;Castilla y León;07 Castilla y León;2016;1,18
7;Castilla y León;Castilla y León;07 Castilla y León;2017;1,14
7;Castilla y León;Castilla y León;07 Castilla y León;2018;1,15
7;Castilla y León;Castilla y León;07 Castilla y León;2019;1,13
7;Castilla y León;Castilla y León;07 Castilla y León;2020;1,1
8;Castilla - La Mancha;Castilla - La Mancha;08 Castilla - La Mancha;1975;2,54
8;Castilla - La Mancha;Castilla - La Mancha;08 Castilla - La Mancha;1976;2,59
8;Castilla - La Mancha;Castilla - La Mancha;08 Castilla - La Mancha;1977;2,48
8;Castilla - La Mancha;Castilla - La Mancha;08 Castilla - La Mancha;1978;2,52
8;Castilla - La Mancha;Castilla - La Mancha;08 Castilla - La Mancha;1979;2,43
8;Castilla - La Mancha;Castilla - La Mancha;08 Castilla - La Mancha;1980;2,37
8;Castilla - La Mancha;Castilla - La Mancha;08 Castilla - La Mancha;1981;2,31
8;Castilla - La Mancha;Castilla - La Mancha;08 Castilla - La Mancha;1982;2,22
8;Castilla - La Mancha;Castilla - La Mancha;08 Castilla - La Mancha;1983;2,07
8;Castilla - La Mancha;Castilla - La Mancha;08 Castilla - La Mancha;1984;1,98
8;Castilla - La Mancha;Castilla - La Mancha;08 Castilla - La Mancha;1985;1,85
8;Castilla - La Mancha;Castilla - La Mancha;08 Castilla - La Mancha;1986;1,79
8;Castilla - La Mancha;Castilla - La Mancha;08 Castilla - La Mancha;1987;1,73
8;Castilla - La Mancha;Castilla - La Mancha;08 Castilla - La Mancha;1988;1,67
8;Castilla - La Mancha;Castilla - La Mancha;08 Castilla - La Mancha;1989;1,65
8;Castilla - La Mancha;Castilla - La Mancha;08 Castilla - La Mancha;1990;1,61
8;Castilla - La Mancha;Castilla - La Mancha;08 Castilla - La Mancha;1991;1,56
8;Castilla - La Mancha;Castilla - La Mancha;08 Castilla - La Mancha;1992;1,53
8;Castilla - La Mancha;Castilla - La Mancha;08 Castilla - La Mancha;1993;1,45
8;Castilla - La Mancha;Castilla - La Mancha;08 Castilla - La Mancha;1994;1,4
8;Castilla - La Mancha;Castilla - La Mancha;08 Castilla - La Mancha;1995;1,35
8;Castilla - La Mancha;Castilla - La Mancha;08 Castilla - La Mancha;1996;1,29
8;Castilla - La Mancha;Castilla - La Mancha;08 Castilla - La Mancha;1997;1,28
8;Castilla - La Mancha;Castilla - La Mancha;08 Castilla - La Mancha;1998;1,24
8;Castilla - La Mancha;Castilla - La Mancha;08 Castilla - La Mancha;1999;1,27
8;Castilla - La Mancha;Castilla - La Mancha;08 Castilla - La Mancha;2000;1,27
8;Castilla - La Mancha;Castilla - La Mancha;08 Castilla - La Mancha;2001;1,28
8;Castilla - La Mancha;Castilla - La Mancha;08 Castilla - La Mancha;2002;1,29
8;Castilla - La Mancha;Castilla - La Mancha;08 Castilla - La Mancha;2003;1,33
8;Castilla - La Mancha;Castilla - La Mancha;08 Castilla - La Mancha;2004;1,34
8;Castilla - La Mancha;Castilla - La Mancha;08 Castilla - La Mancha;2005;1,34
8;Castilla - La Mancha;Castilla - La Mancha;08 Castilla - La Mancha;2006;1,4
8;Castilla - La Mancha;Castilla - La Mancha;08 Castilla - La Mancha;2007;1,39
8;Castilla - La Mancha;Castilla - La Mancha;08 Castilla - La Mancha;2008;1,5
8;Castilla - La Mancha;Castilla - La Mancha;08 Castilla - La Mancha;2009;1,44
8;Castilla - La Mancha;Castilla - La Mancha;08 Castilla - La Mancha;2010;1,43
8;Castilla - La Mancha;Castilla - La Mancha;08 Castilla - La Mancha;2011;1,39
8;Castilla - La Mancha;Castilla - La Mancha;08 Castilla - La Mancha;2012;1,35
8;Castilla - La Mancha;Castilla - La Mancha;08 Castilla - La Mancha;2013;1,3
8;Castilla - La Mancha;Castilla - La Mancha;08 Castilla - La Mancha;2014;1,3
8;Castilla - La Mancha;Castilla - La Mancha;08 Castilla - La Mancha;2015;1,33
8;Castilla - La Mancha;Castilla - La Mancha;08 Castilla - La Mancha;2016;1,34
8;Castilla - La Mancha;Castilla - La Mancha;08 Castilla - La Mancha;2017;1,32
8;Castilla - La Mancha;Castilla - La Mancha;08 Castilla - La Mancha;2018;1,27
8;Castilla - La Mancha;Castilla - La Mancha;08 Castilla - La Mancha;2019;1,25
8;Castilla - La Mancha;Castilla - La Mancha;08 Castilla - La Mancha;2020;1,21
9;Cataluña;Cataluña;09 Cataluña;1975;2,86
9;Cataluña;Cataluña;09 Cataluña;1976;2,69
9;Cataluña;Cataluña;09 Cataluña;1977;2,6
9;Cataluña;Cataluña;09 Cataluña;1978;2,41
9;Cataluña;Cataluña;09 Cataluña;1979;2,14
9;Cataluña;Cataluña;09 Cataluña;1980;1,9
9;Cataluña;Cataluña;09 Cataluña;1981;1,61
9;Cataluña;Cataluña;09 Cataluña;1982;1,57
9;Cataluña;Cataluña;09 Cataluña;1983;1,44
9;Cataluña;Cataluña;09 Cataluña;1984;1,46
9;Cataluña;Cataluña;09 Cataluña;1985;1,48
9;Cataluña;Cataluña;09 Cataluña;1986;1,38
9;Cataluña;Cataluña;09 Cataluña;1987;1,32
9;Cataluña;Cataluña;09 Cataluña;1988;1,3
9;Cataluña;Cataluña;09 Cataluña;1989;1,27
9;Cataluña;Cataluña;09 Cataluña;1990;1,25
9;Cataluña;Cataluña;09 Cataluña;1991;1,23
9;Cataluña;Cataluña;09 Cataluña;1992;1,24
9;Cataluña;Cataluña;09 Cataluña;1993;1,19
9;Cataluña;Cataluña;09 Cataluña;1994;1,15
9;Cataluña;Cataluña;09 Cataluña;1995;1,13
9;Cataluña;Cataluña;09 Cataluña;1996;1,13
9;Cataluña;Cataluña;09 Cataluña;1997;1,16
9;Cataluña;Cataluña;09 Cataluña;1998;1,14
9;Cataluña;Cataluña;09 Cataluña;1999;1,19
9;Cataluña;Cataluña;09 Cataluña;2000;1,26
9;Cataluña;Cataluña;09 Cataluña;2001;1,28
9;Cataluña;Cataluña;09 Cataluña;2002;1,31
9;Cataluña;Cataluña;09 Cataluña;2003;1,36
9;Cataluña;Cataluña;09 Cataluña;2004;1,4
9;Cataluña;Cataluña;09 Cataluña;2005;1,41
9;Cataluña;Cataluña;09 Cataluña;2006;1,44
9;Cataluña;Cataluña;09 Cataluña;2007;1,45
9;Cataluña;Cataluña;09 Cataluña;2008;1,53
9;Cataluña;Cataluña;09 Cataluña;2009;1,46
9;Cataluña;Cataluña;09 Cataluña;2010;1,46
9;Cataluña;Cataluña;09 Cataluña;2011;1,43
9;Cataluña;Cataluña;09 Cataluña;2012;1,4
9;Cataluña;Cataluña;09 Cataluña;2013;1,34
9;Cataluña;Cataluña;09 Cataluña;2014;1,39
9;Cataluña;Cataluña;09 Cataluña;2015;1,41
9;Cataluña;Cataluña;09 Cataluña;2016;1,41
9;Cataluña;Cataluña;09 Cataluña;2017;1,39
9;Cataluña;Cataluña;09 Cataluña;2018;1,33
9;Cataluña;Cataluña;09 Cataluña;2019;1,29
9;Cataluña;Cataluña;09 Cataluña;2020;1,22
10;Comunitat Valenciana;Com. Valenciana;10 Comunitat Valenciana;1975;2,91
10;Comunitat Valenciana;Com. Valenciana;10 Comunitat Valenciana;1976;2,94
10;Comunitat Valenciana;Com. Valenciana;10 Comunitat Valenciana;1977;2,85
10;Comunitat Valenciana;Com. Valenciana;10 Comunitat Valenciana;1978;2,72
10;Comunitat Valenciana;Com. Valenciana;10 Comunitat Valenciana;1979;2,54
10;Comunitat Valenciana;Com. Valenciana;10 Comunitat Valenciana;1980;2,34
10;Comunitat Valenciana;Com. Valenciana;10 Comunitat Valenciana;1981;2,15
10;Comunitat Valenciana;Com. Valenciana;10 Comunitat Valenciana;1982;2
10;Comunitat Valenciana;Com. Valenciana;10 Comunitat Valenciana;1983;1,81
10;Comunitat Valenciana;Com. Valenciana;10 Comunitat Valenciana;1984;1,73
10;Comunitat Valenciana;Com. Valenciana;10 Comunitat Valenciana;1985;1,62
10;Comunitat Valenciana;Com. Valenciana;10 Comunitat Valenciana;1986;1,55
10;Comunitat Valenciana;Com. Valenciana;10 Comunitat Valenciana;1987;1,48
10;Comunitat Valenciana;Com. Valenciana;10 Comunitat Valenciana;1988;1,45
10;Comunitat Valenciana;Com. Valenciana;10 Comunitat Valenciana;1989;1,39
10;Comunitat Valenciana;Com. Valenciana;10 Comunitat Valenciana;1990;1,38
10;Comunitat Valenciana;Com. Valenciana;10 Comunitat Valenciana;1991;1,34
10;Comunitat Valenciana;Com. Valenciana;10 Comunitat Valenciana;1992;1,32
10;Comunitat Valenciana;Com. Valenciana;10 Comunitat Valenciana;1993;1,26
10;Comunitat Valenciana;Com. Valenciana;10 Comunitat Valenciana;1994;1,19
10;Comunitat Valenciana;Com. Valenciana;10 Comunitat Valenciana;1995;1,16
10;Comunitat Valenciana;Com. Valenciana;10 Comunitat Valenciana;1996;1,14
10;Comunitat Valenciana;Com. Valenciana;10 Comunitat Valenciana;1997;1,14
10;Comunitat Valenciana;Com. Valenciana;10 Comunitat Valenciana;1998;1,13
10;Comunitat Valenciana;Com. Valenciana;10 Comunitat Valenciana;1999;1,17
10;Comunitat Valenciana;Com. Valenciana;10 Comunitat Valenciana;2000;1,22
10;Comunitat Valenciana;Com. Valenciana;10 Comunitat Valenciana;2001;1,26
10;Comunitat Valenciana;Com. Valenciana;10 Comunitat Valenciana;2002;1,29
10;Comunitat Valenciana;Com. Valenciana;10 Comunitat Valenciana;2003;1,34
10;Comunitat Valenciana;Com. Valenciana;10 Comunitat Valenciana;2004;1,35
10;Comunitat Valenciana;Com. Valenciana;10 Comunitat Valenciana;2005;1,36
10;Comunitat Valenciana;Com. Valenciana;10 Comunitat Valenciana;2006;1,4
10;Comunitat Valenciana;Com. Valenciana;10 Comunitat Valenciana;2007;1,41
10;Comunitat Valenciana;Com. Valenciana;10 Comunitat Valenciana;2008;1,47
10;Comunitat Valenciana;Com. Valenciana;10 Comunitat Valenciana;2009;1,36
10;Comunitat Valenciana;Com. Valenciana;10 Comunitat Valenciana;2010;1,37
10;Comunitat Valenciana;Com. Valenciana;10 Comunitat Valenciana;2011;1,32
10;Comunitat Valenciana;Com. Valenciana;10 Comunitat Valenciana;2012;1,31
10;Comunitat Valenciana;Com. Valenciana;10 Comunitat Valenciana;2013;1,26
10;Comunitat Valenciana;Com. Valenciana;10 Comunitat Valenciana;2014;1,31
10;Comunitat Valenciana;Com. Valenciana;10 Comunitat Valenciana;2015;1,32
10;Comunitat Valenciana;Com. Valenciana;10 Comunitat Valenciana;2016;1,32
10;Comunitat Valenciana;Com. Valenciana;10 Comunitat Valenciana;2017;1,31
10;Comunitat Valenciana;Com. Valenciana;10 Comunitat Valenciana;2018;1,26
10;Comunitat Valenciana;Com. Valenciana;10 Comunitat Valenciana;2019;1,25
10;Comunitat Valenciana;Com. Valenciana;10 Comunitat Valenciana;2020;1,2
11;Extremadura;Extremadura;11 Extremadura;1975;2,41
11;Extremadura;Extremadura;11 Extremadura;1976;2,43
11;Extremadura;Extremadura;11 Extremadura;1977;2,36
11;Extremadura;Extremadura;11 Extremadura;1978;2,41
11;Extremadura;Extremadura;11 Extremadura;1979;2,41
11;Extremadura;Extremadura;11 Extremadura;1980;2,48
11;Extremadura;Extremadura;11 Extremadura;1981;2,38
11;Extremadura;Extremadura;11 Extremadura;1982;2,36
11;Extremadura;Extremadura;11 Extremadura;1983;2,2
11;Extremadura;Extremadura;11 Extremadura;1984;2,07
11;Extremadura;Extremadura;11 Extremadura;1985;1,95
11;Extremadura;Extremadura;11 Extremadura;1986;1,9
11;Extremadura;Extremadura;11 Extremadura;1987;1,86
11;Extremadura;Extremadura;11 Extremadura;1988;1,79
11;Extremadura;Extremadura;11 Extremadura;1989;1,7
11;Extremadura;Extremadura;11 Extremadura;1990;1,63
11;Extremadura;Extremadura;11 Extremadura;1991;1,6
11;Extremadura;Extremadura;11 Extremadura;1992;1,56
11;Extremadura;Extremadura;11 Extremadura;1993;1,47
11;Extremadura;Extremadura;11 Extremadura;1994;1,4
11;Extremadura;Extremadura;11 Extremadura;1995;1,34
11;Extremadura;Extremadura;11 Extremadura;1996;1,31
11;Extremadura;Extremadura;11 Extremadura;1997;1,28
11;Extremadura;Extremadura;11 Extremadura;1998;1,25
11;Extremadura;Extremadura;11 Extremadura;1999;1,26
11;Extremadura;Extremadura;11 Extremadura;2000;1,28
11;Extremadura;Extremadura;11 Extremadura;2001;1,26
11;Extremadura;Extremadura;11 Extremadura;2002;1,26
11;Extremadura;Extremadura;11 Extremadura;2003;1,29
11;Extremadura;Extremadura;11 Extremadura;2004;1,28
11;Extremadura;Extremadura;11 Extremadura;2005;1,3
11;Extremadura;Extremadura;11 Extremadura;2006;1,31
11;Extremadura;Extremadura;11 Extremadura;2007;1,3
11;Extremadura;Extremadura;11 Extremadura;2008;1,4
11;Extremadura;Extremadura;11 Extremadura;2009;1,35
11;Extremadura;Extremadura;11 Extremadura;2010;1,34
11;Extremadura;Extremadura;11 Extremadura;2011;1,32
11;Extremadura;Extremadura;11 Extremadura;2012;1,27
11;Extremadura;Extremadura;11 Extremadura;2013;1,22
11;Extremadura;Extremadura;11 Extremadura;2014;1,29
11;Extremadura;Extremadura;11 Extremadura;2015;1,28
11;Extremadura;Extremadura;11 Extremadura;2016;1,3
11;Extremadura;Extremadura;11 Extremadura;2017;1,29
11;Extremadura;Extremadura;11 Extremadura;2018;1,22
11;Extremadura;Extremadura;11 Extremadura;2019;1,22
11;Extremadura;Extremadura;11 Extremadura;2020;1,19
12;Galicia;Galicia;12 Galicia;1975;2,33
12;Galicia;Galicia;12 Galicia;1976;2,38
12;Galicia;Galicia;12 Galicia;1977;2,32
12;Galicia;Galicia;12 Galicia;1978;2,32
12;Galicia;Galicia;12 Galicia;1979;2,17
12;Galicia;Galicia;12 Galicia;1980;2,06
12;Galicia;Galicia;12 Galicia;1981;1,91
12;Galicia;Galicia;12 Galicia;1982;1,79
12;Galicia;Galicia;12 Galicia;1983;1,67
12;Galicia;Galicia;12 Galicia;1984;1,59
12;Galicia;Galicia;12 Galicia;1985;1,48
12;Galicia;Galicia;12 Galicia;1986;1,36
12;Galicia;Galicia;12 Galicia;1987;1,34
12;Galicia;Galicia;12 Galicia;1988;1,27
12;Galicia;Galicia;12 Galicia;1989;1,22
12;Galicia;Galicia;12 Galicia;1990;1,17
12;Galicia;Galicia;12 Galicia;1991;1,14
12;Galicia;Galicia;12 Galicia;1992;1,11
12;Galicia;Galicia;12 Galicia;1993;1,08
12;Galicia;Galicia;12 Galicia;1994;1
12;Galicia;Galicia;12 Galicia;1995;0,94
12;Galicia;Galicia;12 Galicia;1996;0,93
12;Galicia;Galicia;12 Galicia;1997;0,93
12;Galicia;Galicia;12 Galicia;1998;0,92
12;Galicia;Galicia;12 Galicia;1999;0,93
12;Galicia;Galicia;12 Galicia;2000;0,96
12;Galicia;Galicia;12 Galicia;2001;0,95
12;Galicia;Galicia;12 Galicia;2002;0,95
12;Galicia;Galicia;12 Galicia;2003;1
12;Galicia;Galicia;12 Galicia;2004;1
12;Galicia;Galicia;12 Galicia;2005;1,02
12;Galicia;Galicia;12 Galicia;2006;1,04
12;Galicia;Galicia;12 Galicia;2007;1,06
12;Galicia;Galicia;12 Galicia;2008;1,13
12;Galicia;Galicia;12 Galicia;2009;1,1
12;Galicia;Galicia;12 Galicia;2010;1,09
12;Galicia;Galicia;12 Galicia;2011;1,08
12;Galicia;Galicia;12 Galicia;2012;1,08
12;Galicia;Galicia;12 Galicia;2013;1,04
12;Galicia;Galicia;12 Galicia;2014;1,07
12;Galicia;Galicia;12 Galicia;2015;1,1
12;Galicia;Galicia;12 Galicia;2016;1,12
12;Galicia;Galicia;12 Galicia;2017;1,12
12;Galicia;Galicia;12 Galicia;2018;1,05
12;Galicia;Galicia;12 Galicia;2019;1,02
12;Galicia;Galicia;12 Galicia;2020;1,02
13;Madrid, Comunidad de;Com. Madrid;13 Madrid, Comunidad de;1975;2,91
13;Madrid, Comunidad de;Com. Madrid;13 Madrid, Comunidad de;1976;2,93
13;Madrid, Comunidad de;Com. Madrid;13 Madrid, Comunidad de;1977;2,73
13;Madrid, Comunidad de;Com. Madrid;13 Madrid, Comunidad de;1978;2,55
13;Madrid, Comunidad de;Com. Madrid;13 Madrid, Comunidad de;1979;2,34
13;Madrid, Comunidad de;Com. Madrid;13 Madrid, Comunidad de;1980;2,1
13;Madrid, Comunidad de;Com. Madrid;13 Madrid, Comunidad de;1981;1,95
13;Madrid, Comunidad de;Com. Madrid;13 Madrid, Comunidad de;1982;1,83
13;Madrid, Comunidad de;Com. Madrid;13 Madrid, Comunidad de;1983;1,68
13;Madrid, Comunidad de;Com. Madrid;13 Madrid, Comunidad de;1984;1,63
13;Madrid, Comunidad de;Com. Madrid;13 Madrid, Comunidad de;1985;1,54
13;Madrid, Comunidad de;Com. Madrid;13 Madrid, Comunidad de;1986;1,46
13;Madrid, Comunidad de;Com. Madrid;13 Madrid, Comunidad de;1987;1,41
13;Madrid, Comunidad de;Com. Madrid;13 Madrid, Comunidad de;1988;1,34
13;Madrid, Comunidad de;Com. Madrid;13 Madrid, Comunidad de;1989;1,31
13;Madrid, Comunidad de;Com. Madrid;13 Madrid, Comunidad de;1990;1,27
13;Madrid, Comunidad de;Com. Madrid;13 Madrid, Comunidad de;1991;1,24
13;Madrid, Comunidad de;Com. Madrid;13 Madrid, Comunidad de;1992;1,25
13;Madrid, Comunidad de;Com. Madrid;13 Madrid, Comunidad de;1993;1,2
13;Madrid, Comunidad de;Com. Madrid;13 Madrid, Comunidad de;1994;1,13
13;Madrid, Comunidad de;Com. Madrid;13 Madrid, Comunidad de;1995;1,09
13;Madrid, Comunidad de;Com. Madrid;13 Madrid, Comunidad de;1996;1,08
13;Madrid, Comunidad de;Com. Madrid;13 Madrid, Comunidad de;1997;1,09
13;Madrid, Comunidad de;Com. Madrid;13 Madrid, Comunidad de;1998;1,07
13;Madrid, Comunidad de;Com. Madrid;13 Madrid, Comunidad de;1999;1,12
13;Madrid, Comunidad de;Com. Madrid;13 Madrid, Comunidad de;2000;1,21
13;Madrid, Comunidad de;Com. Madrid;13 Madrid, Comunidad de;2001;1,26
13;Madrid, Comunidad de;Com. Madrid;13 Madrid, Comunidad de;2002;1,28
13;Madrid, Comunidad de;Com. Madrid;13 Madrid, Comunidad de;2003;1,32
13;Madrid, Comunidad de;Com. Madrid;13 Madrid, Comunidad de;2004;1,34
13;Madrid, Comunidad de;Com. Madrid;13 Madrid, Comunidad de;2005;1,32
13;Madrid, Comunidad de;Com. Madrid;13 Madrid, Comunidad de;2006;1,36
13;Madrid, Comunidad de;Com. Madrid;13 Madrid, Comunidad de;2007;1,4
13;Madrid, Comunidad de;Com. Madrid;13 Madrid, Comunidad de;2008;1,45
13;Madrid, Comunidad de;Com. Madrid;13 Madrid, Comunidad de;2009;1,4
13;Madrid, Comunidad de;Com. Madrid;13 Madrid, Comunidad de;2010;1,37
13;Madrid, Comunidad de;Com. Madrid;13 Madrid, Comunidad de;2011;1,35
13;Madrid, Comunidad de;Com. Madrid;13 Madrid, Comunidad de;2012;1,33
13;Madrid, Comunidad de;Com. Madrid;13 Madrid, Comunidad de;2013;1,3
13;Madrid, Comunidad de;Com. Madrid;13 Madrid, Comunidad de;2014;1,35
13;Madrid, Comunidad de;Com. Madrid;13 Madrid, Comunidad de;2015;1,37
13;Madrid, Comunidad de;Com. Madrid;13 Madrid, Comunidad de;2016;1,36
13;Madrid, Comunidad de;Com. Madrid;13 Madrid, Comunidad de;2017;1,33
13;Madrid, Comunidad de;Com. Madrid;13 Madrid, Comunidad de;2018;1,27
13;Madrid, Comunidad de;Com. Madrid;13 Madrid, Comunidad de;2019;1,23
13;Madrid, Comunidad de;Com. Madrid;13 Madrid, Comunidad de;2020;1,15
14;Murcia, Región de;Murcia;14 Murcia, Región de;1975;3,21
14;Murcia, Región de;Murcia;14 Murcia, Región de;1976;3,36
14;Murcia, Región de;Murcia;14 Murcia, Región de;1977;3,22
14;Murcia, Región de;Murcia;14 Murcia, Región de;1978;3,13
14;Murcia, Región de;Murcia;14 Murcia, Región de;1979;3,04
14;Murcia, Región de;Murcia;14 Murcia, Región de;1980;2,89
14;Murcia, Región de;Murcia;14 Murcia, Región de;1981;2,6
14;Murcia, Región de;Murcia;14 Murcia, Región de;1982;2,51
14;Murcia, Región de;Murcia;14 Murcia, Región de;1983;2,26
14;Murcia, Región de;Murcia;14 Murcia, Región de;1984;2,13
14;Murcia, Región de;Murcia;14 Murcia, Región de;1985;2,03
14;Murcia, Región de;Murcia;14 Murcia, Región de;1986;1,9
14;Murcia, Región de;Murcia;14 Murcia, Región de;1987;1,86
14;Murcia, Región de;Murcia;14 Murcia, Región de;1988;1,81
14;Murcia, Región de;Murcia;14 Murcia, Región de;1989;1,78
14;Murcia, Región de;Murcia;14 Murcia, Región de;1990;1,73
14;Murcia, Región de;Murcia;14 Murcia, Región de;1991;1,68
14;Murcia, Región de;Murcia;14 Murcia, Región de;1992;1,63
14;Murcia, Región de;Murcia;14 Murcia, Región de;1993;1,55
14;Murcia, Región de;Murcia;14 Murcia, Región de;1994;1,42
14;Murcia, Región de;Murcia;14 Murcia, Región de;1995;1,39
14;Murcia, Región de;Murcia;14 Murcia, Región de;1996;1,37
14;Murcia, Región de;Murcia;14 Murcia, Región de;1997;1,38
14;Murcia, Región de;Murcia;14 Murcia, Región de;1998;1,34
14;Murcia, Región de;Murcia;14 Murcia, Región de;1999;1,35
14;Murcia, Región de;Murcia;14 Murcia, Región de;2000;1,44
14;Murcia, Región de;Murcia;14 Murcia, Región de;2001;1,5
14;Murcia, Región de;Murcia;14 Murcia, Región de;2002;1,51
14;Murcia, Región de;Murcia;14 Murcia, Región de;2003;1,57
14;Murcia, Región de;Murcia;14 Murcia, Región de;2004;1,56
14;Murcia, Región de;Murcia;14 Murcia, Región de;2005;1,58
14;Murcia, Región de;Murcia;14 Murcia, Región de;2006;1,63
14;Murcia, Región de;Murcia;14 Murcia, Región de;2007;1,64
14;Murcia, Región de;Murcia;14 Murcia, Región de;2008;1,69
14;Murcia, Región de;Murcia;14 Murcia, Región de;2009;1,62
14;Murcia, Región de;Murcia;14 Murcia, Región de;2010;1,59
14;Murcia, Región de;Murcia;14 Murcia, Región de;2011;1,56
14;Murcia, Región de;Murcia;14 Murcia, Región de;2012;1,53
14;Murcia, Región de;Murcia;14 Murcia, Región de;2013;1,51
14;Murcia, Región de;Murcia;14 Murcia, Región de;2014;1,56
14;Murcia, Región de;Murcia;14 Murcia, Región de;2015;1,57
14;Murcia, Región de;Murcia;14 Murcia, Región de;2016;1,56
14;Murcia, Región de;Murcia;14 Murcia, Región de;2017;1,55
14;Murcia, Región de;Murcia;14 Murcia, Región de;2018;1,54
14;Murcia, Región de;Murcia;14 Murcia, Región de;2019;1,5
14;Murcia, Región de;Murcia;14 Murcia, Región de;2020;1,45
15;Navarra, Comunidad Foral de;Navarra;15 Navarra, Comunidad Foral de;1975;2,63
15;Navarra, Comunidad Foral de;Navarra;15 Navarra, Comunidad Foral de;1976;2,59
15;Navarra, Comunidad Foral de;Navarra;15 Navarra, Comunidad Foral de;1977;2,47
15;Navarra, Comunidad Foral de;Navarra;15 Navarra, Comunidad Foral de;1978;2,3
15;Navarra, Comunidad Foral de;Navarra;15 Navarra, Comunidad Foral de;1979;2,13
15;Navarra, Comunidad Foral de;Navarra;15 Navarra, Comunidad Foral de;1980;2
15;Navarra, Comunidad Foral de;Navarra;15 Navarra, Comunidad Foral de;1981;1,88
15;Navarra, Comunidad Foral de;Navarra;15 Navarra, Comunidad Foral de;1982;1,73
15;Navarra, Comunidad Foral de;Navarra;15 Navarra, Comunidad Foral de;1983;1,61
15;Navarra, Comunidad Foral de;Navarra;15 Navarra, Comunidad Foral de;1984;1,54
15;Navarra, Comunidad Foral de;Navarra;15 Navarra, Comunidad Foral de;1985;1,42
15;Navarra, Comunidad Foral de;Navarra;15 Navarra, Comunidad Foral de;1986;1,37
15;Navarra, Comunidad Foral de;Navarra;15 Navarra, Comunidad Foral de;1987;1,26
15;Navarra, Comunidad Foral de;Navarra;15 Navarra, Comunidad Foral de;1988;1,28
15;Navarra, Comunidad Foral de;Navarra;15 Navarra, Comunidad Foral de;1989;1,25
15;Navarra, Comunidad Foral de;Navarra;15 Navarra, Comunidad Foral de;1990;1,23
15;Navarra, Comunidad Foral de;Navarra;15 Navarra, Comunidad Foral de;1991;1,22
15;Navarra, Comunidad Foral de;Navarra;15 Navarra, Comunidad Foral de;1992;1,14
15;Navarra, Comunidad Foral de;Navarra;15 Navarra, Comunidad Foral de;1993;1,16
15;Navarra, Comunidad Foral de;Navarra;15 Navarra, Comunidad Foral de;1994;1,13
15;Navarra, Comunidad Foral de;Navarra;15 Navarra, Comunidad Foral de;1995;1,11
15;Navarra, Comunidad Foral de;Navarra;15 Navarra, Comunidad Foral de;1996;1,15
15;Navarra, Comunidad Foral de;Navarra;15 Navarra, Comunidad Foral de;1997;1,17
15;Navarra, Comunidad Foral de;Navarra;15 Navarra, Comunidad Foral de;1998;1,15
15;Navarra, Comunidad Foral de;Navarra;15 Navarra, Comunidad Foral de;1999;1,18
15;Navarra, Comunidad Foral de;Navarra;15 Navarra, Comunidad Foral de;2000;1,2
15;Navarra, Comunidad Foral de;Navarra;15 Navarra, Comunidad Foral de;2001;1,3
15;Navarra, Comunidad Foral de;Navarra;15 Navarra, Comunidad Foral de;2002;1,3
15;Navarra, Comunidad Foral de;Navarra;15 Navarra, Comunidad Foral de;2003;1,37
15;Navarra, Comunidad Foral de;Navarra;15 Navarra, Comunidad Foral de;2004;1,38
15;Navarra, Comunidad Foral de;Navarra;15 Navarra, Comunidad Foral de;2005;1,33
15;Navarra, Comunidad Foral de;Navarra;15 Navarra, Comunidad Foral de;2006;1,42
15;Navarra, Comunidad Foral de;Navarra;15 Navarra, Comunidad Foral de;2007;1,41
15;Navarra, Comunidad Foral de;Navarra;15 Navarra, Comunidad Foral de;2008;1,49
15;Navarra, Comunidad Foral de;Navarra;15 Navarra, Comunidad Foral de;2009;1,44
15;Navarra, Comunidad Foral de;Navarra;15 Navarra, Comunidad Foral de;2010;1,44
15;Navarra, Comunidad Foral de;Navarra;15 Navarra, Comunidad Foral de;2011;1,43
15;Navarra, Comunidad Foral de;Navarra;15 Navarra, Comunidad Foral de;2012;1,46
15;Navarra, Comunidad Foral de;Navarra;15 Navarra, Comunidad Foral de;2013;1,36
15;Navarra, Comunidad Foral de;Navarra;15 Navarra, Comunidad Foral de;2014;1,44
15;Navarra, Comunidad Foral de;Navarra;15 Navarra, Comunidad Foral de;2015;1,45
15;Navarra, Comunidad Foral de;Navarra;15 Navarra, Comunidad Foral de;2016;1,46
15;Navarra, Comunidad Foral de;Navarra;15 Navarra, Comunidad Foral de;2017;1,46
15;Navarra, Comunidad Foral de;Navarra;15 Navarra, Comunidad Foral de;2018;1,39
15;Navarra, Comunidad Foral de;Navarra;15 Navarra, Comunidad Foral de;2019;1,4
15;Navarra, Comunidad Foral de;Navarra;15 Navarra, Comunidad Foral de;2020;1,33
16;País Vasco;País Vasco;16 País Vasco;1975;2,78
16;País Vasco;País Vasco;16 País Vasco;1976;2,84
16;País Vasco;País Vasco;16 País Vasco;1977;2,65
16;País Vasco;País Vasco;16 País Vasco;1978;2,39
16;País Vasco;País Vasco;16 País Vasco;1979;2,09
16;País Vasco;País Vasco;16 País Vasco;1980;1,86
16;País Vasco;País Vasco;16 País Vasco;1981;1,73
16;País Vasco;País Vasco;16 País Vasco;1982;1,62
16;País Vasco;País Vasco;16 País Vasco;1983;1,5
16;País Vasco;País Vasco;16 País Vasco;1984;1,39
16;País Vasco;País Vasco;16 País Vasco;1985;1,29
16;País Vasco;País Vasco;16 País Vasco;1986;1,24
16;País Vasco;País Vasco;16 País Vasco;1987;1,14
16;País Vasco;País Vasco;16 País Vasco;1988;1,1
16;País Vasco;País Vasco;16 País Vasco;1989;1,03
16;País Vasco;País Vasco;16 País Vasco;1990;0,98
16;País Vasco;País Vasco;16 País Vasco;1991;0,97
16;País Vasco;País Vasco;16 País Vasco;1992;0,97
16;País Vasco;País Vasco;16 País Vasco;1993;0,94
16;País Vasco;País Vasco;16 País Vasco;1994;0,9
16;País Vasco;País Vasco;16 País Vasco;1995;0,9
16;País Vasco;País Vasco;16 País Vasco;1996;0,94
16;País Vasco;País Vasco;16 País Vasco;1997;0,96
16;País Vasco;País Vasco;16 País Vasco;1998;0,95
16;País Vasco;País Vasco;16 País Vasco;1999;0,99
16;País Vasco;País Vasco;16 País Vasco;2000;1,03
16;País Vasco;País Vasco;16 País Vasco;2001;1,05
16;País Vasco;País Vasco;16 País Vasco;2002;1,09
16;País Vasco;País Vasco;16 País Vasco;2003;1,16
16;País Vasco;País Vasco;16 País Vasco;2004;1,18
16;País Vasco;País Vasco;16 País Vasco;2005;1,18
16;País Vasco;País Vasco;16 País Vasco;2006;1,21
16;País Vasco;País Vasco;16 País Vasco;2007;1,25
16;País Vasco;País Vasco;16 País Vasco;2008;1,3
16;País Vasco;País Vasco;16 País Vasco;2009;1,29
16;País Vasco;País Vasco;16 País Vasco;2010;1,33
16;País Vasco;País Vasco;16 País Vasco;2011;1,35
16;País Vasco;País Vasco;16 País Vasco;2012;1,35
16;País Vasco;País Vasco;16 País Vasco;2013;1,3
16;País Vasco;País Vasco;16 País Vasco;2014;1,38
16;País Vasco;País Vasco;16 País Vasco;2015;1,39
16;País Vasco;País Vasco;16 País Vasco;2016;1,39
16;País Vasco;País Vasco;16 País Vasco;2017;1,35
16;País Vasco;País Vasco;16 País Vasco;2018;1,31
16;País Vasco;País Vasco;16 País Vasco;2019;1,28
16;País Vasco;País Vasco;16 País Vasco;2020;1,25
17;Rioja, La;La Rioja;17 Rioja, La;1975;2,39
17;Rioja, La;La Rioja;17 Rioja, La;1976;2,61
17;Rioja, La;La Rioja;17 Rioja, La;1977;2,29
17;Rioja, La;La Rioja;17 Rioja, La;1978;2,31
17;Rioja, La;La Rioja;17 Rioja, La;1979;2,18
17;Rioja, La;La Rioja;17 Rioja, La;1980;2,06
17;Rioja, La;La Rioja;17 Rioja, La;1981;1,85
17;Rioja, La;La Rioja;17 Rioja, La;1982;1,8
17;Rioja, La;La Rioja;17 Rioja, La;1983;1,65
17;Rioja, La;La Rioja;17 Rioja, La;1984;1,55
17;Rioja, La;La Rioja;17 Rioja, La;1985;1,49
17;Rioja, La;La Rioja;17 Rioja, La;1986;1,32
17;Rioja, La;La Rioja;17 Rioja, La;1987;1,32
17;Rioja, La;La Rioja;17 Rioja, La;1988;1,3
17;Rioja, La;La Rioja;17 Rioja, La;1989;1,25
17;Rioja, La;La Rioja;17 Rioja, La;1990;1,2
17;Rioja, La;La Rioja;17 Rioja, La;1991;1,14
17;Rioja, La;La Rioja;17 Rioja, La;1992;1,1
17;Rioja, La;La Rioja;17 Rioja, La;1993;1,08
17;Rioja, La;La Rioja;17 Rioja, La;1994;1,08
17;Rioja, La;La Rioja;17 Rioja, La;1995;1,02
17;Rioja, La;La Rioja;17 Rioja, La;1996;1,03
17;Rioja, La;La Rioja;17 Rioja, La;1997;1,06
17;Rioja, La;La Rioja;17 Rioja, La;1998;1,06
17;Rioja, La;La Rioja;17 Rioja, La;1999;1,09
17;Rioja, La;La Rioja;17 Rioja, La;2000;1,12
17;Rioja, La;La Rioja;17 Rioja, La;2001;1,15
17;Rioja, La;La Rioja;17 Rioja, La;2002;1,2
17;Rioja, La;La Rioja;17 Rioja, La;2003;1,31
17;Rioja, La;La Rioja;17 Rioja, La;2004;1,3
17;Rioja, La;La Rioja;17 Rioja, La;2005;1,33
17;Rioja, La;La Rioja;17 Rioja, La;2006;1,33
17;Rioja, La;La Rioja;17 Rioja, La;2007;1,41
17;Rioja, La;La Rioja;17 Rioja, La;2008;1,49
17;Rioja, La;La Rioja;17 Rioja, La;2009;1,41
17;Rioja, La;La Rioja;17 Rioja, La;2010;1,44
17;Rioja, La;La Rioja;17 Rioja, La;2011;1,37
17;Rioja, La;La Rioja;17 Rioja, La;2012;1,41
17;Rioja, La;La Rioja;17 Rioja, La;2013;1,33
17;Rioja, La;La Rioja;17 Rioja, La;2014;1,35
17;Rioja, La;La Rioja;17 Rioja, La;2015;1,34
17;Rioja, La;La Rioja;17 Rioja, La;2016;1,36
17;Rioja, La;La Rioja;17 Rioja, La;2017;1,35
17;Rioja, La;La Rioja;17 Rioja, La;2018;1,25
17;Rioja, La;La Rioja;17 Rioja, La;2019;1,32
17;Rioja, La;La Rioja;17 Rioja, La;2020;1,29
18;Ceuta;Ceuta;18 Ceuta;1975;3,06
18;Ceuta;Ceuta;18 Ceuta;1976;2,95
18;Ceuta;Ceuta;18 Ceuta;1977;2,77
18;Ceuta;Ceuta;18 Ceuta;1978;2,81
18;Ceuta;Ceuta;18 Ceuta;1979;2,62
18;Ceuta;Ceuta;18 Ceuta;1980;2,51
18;Ceuta;Ceuta;18 Ceuta;1981;2,48
18;Ceuta;Ceuta;18 Ceuta;1982;2,27
18;Ceuta;Ceuta;18 Ceuta;1983;2,21
18;Ceuta;Ceuta;18 Ceuta;1984;2,04
18;Ceuta;Ceuta;18 Ceuta;1985;2,16
18;Ceuta;Ceuta;18 Ceuta;1986;1,96
18;Ceuta;Ceuta;18 Ceuta;1987;1,99
18;Ceuta;Ceuta;18 Ceuta;1988;2,08
18;Ceuta;Ceuta;18 Ceuta;1989;1,9
18;Ceuta;Ceuta;18 Ceuta;1990;1,75
18;Ceuta;Ceuta;18 Ceuta;1991;1,84
18;Ceuta;Ceuta;18 Ceuta;1992;1,88
18;Ceuta;Ceuta;18 Ceuta;1993;1,93
18;Ceuta;Ceuta;18 Ceuta;1994;1,72
18;Ceuta;Ceuta;18 Ceuta;1995;1,81
18;Ceuta;Ceuta;18 Ceuta;1996;1,63
18;Ceuta;Ceuta;18 Ceuta;1997;1,74
18;Ceuta;Ceuta;18 Ceuta;1998;1,66
18;Ceuta;Ceuta;18 Ceuta;1999;1,73
18;Ceuta;Ceuta;18 Ceuta;2000;1,68
18;Ceuta;Ceuta;18 Ceuta;2001;1,66
18;Ceuta;Ceuta;18 Ceuta;2002;1,77
18;Ceuta;Ceuta;18 Ceuta;2003;1,76
18;Ceuta;Ceuta;18 Ceuta;2004;1,87
18;Ceuta;Ceuta;18 Ceuta;2005;1,88
18;Ceuta;Ceuta;18 Ceuta;2006;1,82
18;Ceuta;Ceuta;18 Ceuta;2007;1,99
18;Ceuta;Ceuta;18 Ceuta;2008;2,04
18;Ceuta;Ceuta;18 Ceuta;2009;1,98
18;Ceuta;Ceuta;18 Ceuta;2010;1,99
18;Ceuta;Ceuta;18 Ceuta;2011;1,9
18;Ceuta;Ceuta;18 Ceuta;2012;1,84
18;Ceuta;Ceuta;18 Ceuta;2013;1,79
18;Ceuta;Ceuta;18 Ceuta;2014;2
18;Ceuta;Ceuta;18 Ceuta;2015;1,86
18;Ceuta;Ceuta;18 Ceuta;2016;1,82
18;Ceuta;Ceuta;18 Ceuta;2017;1,81
18;Ceuta;Ceuta;18 Ceuta;2018;1,7
18;Ceuta;Ceuta;18 Ceuta;2019;1,5
18;Ceuta;Ceuta;18 Ceuta;2020;1,51
19;Melilla;Melilla;19 Melilla;1975;1,94
19;Melilla;Melilla;19 Melilla;1976;2,23
19;Melilla;Melilla;19 Melilla;1977;2,24
19;Melilla;Melilla;19 Melilla;1978;2,16
19;Melilla;Melilla;19 Melilla;1979;2,09
19;Melilla;Melilla;19 Melilla;1980;2,28
19;Melilla;Melilla;19 Melilla;1981;2,14
19;Melilla;Melilla;19 Melilla;1982;2,32
19;Melilla;Melilla;19 Melilla;1983;2,29
19;Melilla;Melilla;19 Melilla;1984;2,17
19;Melilla;Melilla;19 Melilla;1985;2,23
19;Melilla;Melilla;19 Melilla;1986;2,16
19;Melilla;Melilla;19 Melilla;1987;2,11
19;Melilla;Melilla;19 Melilla;1988;2,24
19;Melilla;Melilla;19 Melilla;1989;2,1
19;Melilla;Melilla;19 Melilla;1990;2,13
19;Melilla;Melilla;19 Melilla;1991;2,1
19;Melilla;Melilla;19 Melilla;1992;2,34
19;Melilla;Melilla;19 Melilla;1993;2,27
19;Melilla;Melilla;19 Melilla;1994;2,07
19;Melilla;Melilla;19 Melilla;1995;2,07
19;Melilla;Melilla;19 Melilla;1996;1,95
19;Melilla;Melilla;19 Melilla;1997;1,96
19;Melilla;Melilla;19 Melilla;1998;1,95
19;Melilla;Melilla;19 Melilla;1999;1,91
19;Melilla;Melilla;19 Melilla;2000;2,01
19;Melilla;Melilla;19 Melilla;2001;2,03
19;Melilla;Melilla;19 Melilla;2002;1,92
19;Melilla;Melilla;19 Melilla;2003;2,1
19;Melilla;Melilla;19 Melilla;2004;1,93
19;Melilla;Melilla;19 Melilla;2005;1,93
19;Melilla;Melilla;19 Melilla;2006;2,12
19;Melilla;Melilla;19 Melilla;2007;2,04
19;Melilla;Melilla;19 Melilla;2008;2,27
19;Melilla;Melilla;19 Melilla;2009;2,26
19;Melilla;Melilla;19 Melilla;2010;2,36
19;Melilla;Melilla;19 Melilla;2011;2,49
19;Melilla;Melilla;19 Melilla;2012;2,53
19;Melilla;Melilla;19 Melilla;2013;2,49
19;Melilla;Melilla;19 Melilla;2014;2,69
19;Melilla;Melilla;19 Melilla;2015;2,52
19;Melilla;Melilla;19 Melilla;2016;2,47
19;Melilla;Melilla;19 Melilla;2017;2,31
19;Melilla;Melilla;19 Melilla;2018;2,33
19;Melilla;Melilla;19 Melilla;2019;2,17
19;Melilla;Melilla;19 Melilla;2020;1,67
0;Total Nacional;Media nacional;Total Nacional;1975;2,77
0;Total Nacional;Media nacional;Total Nacional;1976;2,77
0;Total Nacional;Media nacional;Total Nacional;1977;2,65
0;Total Nacional;Media nacional;Total Nacional;1978;2,54
0;Total Nacional;Media nacional;Total Nacional;1979;2,37
0;Total Nacional;Media nacional;Total Nacional;1980;2,21
0;Total Nacional;Media nacional;Total Nacional;1981;2,04
0;Total Nacional;Media nacional;Total Nacional;1982;1,94
0;Total Nacional;Media nacional;Total Nacional;1983;1,8
0;Total Nacional;Media nacional;Total Nacional;1984;1,72
0;Total Nacional;Media nacional;Total Nacional;1985;1,64
0;Total Nacional;Media nacional;Total Nacional;1986;1,55
0;Total Nacional;Media nacional;Total Nacional;1987;1,49
0;Total Nacional;Media nacional;Total Nacional;1988;1,45
0;Total Nacional;Media nacional;Total Nacional;1989;1,4
0;Total Nacional;Media nacional;Total Nacional;1990;1,36
0;Total Nacional;Media nacional;Total Nacional;1991;1,33
0;Total Nacional;Media nacional;Total Nacional;1992;1,31
0;Total Nacional;Media nacional;Total Nacional;1993;1,26
0;Total Nacional;Media nacional;Total Nacional;1994;1,19
0;Total Nacional;Media nacional;Total Nacional;1995;1,16
0;Total Nacional;Media nacional;Total Nacional;1996;1,14
0;Total Nacional;Media nacional;Total Nacional;1997;1,15
0;Total Nacional;Media nacional;Total Nacional;1998;1,13
0;Total Nacional;Media nacional;Total Nacional;1999;1,16
0;Total Nacional;Media nacional;Total Nacional;2000;1,21
0;Total Nacional;Media nacional;Total Nacional;2001;1,24
0;Total Nacional;Media nacional;Total Nacional;2002;1,25
0;Total Nacional;Media nacional;Total Nacional;2003;1,3
0;Total Nacional;Media nacional;Total Nacional;2004;1,32
0;Total Nacional;Media nacional;Total Nacional;2005;1,33
0;Total Nacional;Media nacional;Total Nacional;2006;1,36
0;Total Nacional;Media nacional;Total Nacional;2007;1,38
0;Total Nacional;Media nacional;Total Nacional;2008;1,44
0;Total Nacional;Media nacional;Total Nacional;2009;1,38
0;Total Nacional;Media nacional;Total Nacional;2010;1,37
0;Total Nacional;Media nacional;Total Nacional;2011;1,34
0;Total Nacional;Media nacional;Total Nacional;2012;1,32
0;Total Nacional;Media nacional;Total Nacional;2013;1,27
0;Total Nacional;Media nacional;Total Nacional;2014;1,32
0;Total Nacional;Media nacional;Total Nacional;2015;1,33
0;Total Nacional;Media nacional;Total Nacional;2016;1,34
0;Total Nacional;Media nacional;Total Nacional;2017;1,31
0;Total Nacional;Media nacional;Total Nacional;2018;1,26
0;Total Nacional;Media nacional;Total Nacional;2019;1,24
0;Total Nacional;Media nacional;Total Nacional;2020;1,18
